id,nombre_Producto,tipo,masa,peso
1,Annie,refrigerado,gas,64716
2,Elvira,refrigerado,gas,17646
3,Christian,refrigerado,solida,96660
4,Carlie,inflamable,solida,84448
5,Cristian,refrigerado,gas,96688
6,Eba,refrigerado,solida,33950
7,Richmond,normal,solida,19011
8,Ilario,refrigerado,liquida,10749
9,Maddalena,normal,solida,14771
10,Boris,normal,solida,4374
11,Aubine,inflamable,gas,60871
12,Milli,inflamable,gas,20913
13,Camella,inflamable,gas,53147
14,Alphonse,inflamable,gas,61737
15,Laverne,inflamable,liquida,18772
16,Nanete,refrigerado,gas,90748
17,Mona,normal,liquida,57498
18,Rea,refrigerado,solida,90261
19,Melinde,inflamable,gas,21162
20,Janot,refrigerado,solida,59279
21,Philomena,normal,solida,39549
22,Lauraine,inflamable,gas,84092
23,Jordanna,normal,liquida,88842
24,Gayle,normal,liquida,2817
25,Herculie,refrigerado,gas,10784
26,Carlita,refrigerado,solida,67277
27,Darb,inflamable,liquida,86862
28,Linet,normal,solida,47374
29,Almira,normal,gas,30221
30,Morly,normal,gas,43989
31,Suzie,inflamable,solida,16512
32,Maxine,normal,solida,48936
33,Dunn,normal,gas,95305
34,Luca,inflamable,liquida,56402
35,Kendal,refrigerado,liquida,54706
36,Moishe,inflamable,gas,39289
37,Lebbie,inflamable,solida,73944
38,Simone,refrigerado,gas,9607
39,Elbertina,refrigerado,liquida,61024
40,Breanne,normal,gas,13453
41,Whitman,normal,gas,1056
42,Hewe,refrigerado,liquida,47205
43,Katherine,inflamable,liquida,96548
44,Sergent,inflamable,solida,28239
45,Tiff,normal,solida,61859
46,Lynett,inflamable,solida,34783
47,Will,normal,liquida,81216
48,Luca,refrigerado,solida,62847
49,Phillipe,normal,solida,14798
50,Vittorio,normal,solida,56879
51,Dirk,normal,gas,29071
52,Suellen,inflamable,gas,4679
53,Nicolis,refrigerado,solida,79652
54,Nico,normal,gas,75159
55,Joellen,normal,liquida,55980
56,Paxton,refrigerado,solida,64253
57,Alexa,normal,liquida,95149
58,Brooks,normal,liquida,25457
59,Vicki,refrigerado,solida,84215
60,Hube,refrigerado,gas,89156
61,Sukey,refrigerado,gas,69703
62,Katharine,normal,gas,47983
63,Rafaellle,normal,gas,98020
64,Almira,refrigerado,solida,66904
65,Emmett,refrigerado,gas,12396
66,Goldi,inflamable,gas,93904
67,Marcela,normal,solida,94085
68,Charmain,normal,liquida,91419
69,Karel,normal,liquida,51349
70,Happy,refrigerado,solida,94471
71,Lonny,normal,gas,80621
72,Josepha,normal,solida,68874
73,Ermengarde,inflamable,gas,97903
74,Hermann,inflamable,gas,95739
75,Emlynn,refrigerado,solida,78115
76,Mayer,refrigerado,gas,33737
77,Patty,refrigerado,solida,87639
78,Saleem,normal,gas,16329
79,Illa,refrigerado,gas,66247
80,Minda,inflamable,liquida,81512
81,Edy,refrigerado,liquida,57290
82,Edgardo,normal,liquida,14747
83,Jaquenette,normal,solida,69639
84,Enrique,normal,liquida,65959
85,Gay,normal,liquida,76486
86,Elyse,inflamable,liquida,34027
87,Barn,refrigerado,gas,48066
88,Roy,inflamable,solida,48010
89,Flory,normal,solida,91691
90,Claribel,inflamable,gas,94953
91,Tedman,normal,gas,55440
92,Filberto,refrigerado,gas,52090
93,Meryl,normal,liquida,87561
94,Martainn,normal,solida,39321
95,Romy,refrigerado,gas,12349
96,Cynde,refrigerado,liquida,14066
97,Ransell,inflamable,liquida,69470
98,Artus,refrigerado,gas,35108
99,Marisa,normal,solida,45092
100,Oralee,refrigerado,solida,40379
101,Channa,inflamable,solida,77430
102,Reece,normal,liquida,58937
103,Zarla,inflamable,gas,38495
104,Nehemiah,normal,solida,3851
105,Jerry,normal,solida,9328
106,Ramon,normal,gas,26589
107,Horatio,refrigerado,solida,73701
108,Vinny,normal,gas,48363
109,Honey,normal,liquida,75080
110,Lucretia,refrigerado,gas,82898
111,Deane,normal,solida,15707
112,Debra,refrigerado,solida,53359
113,Dixie,normal,liquida,67603
114,Pail,refrigerado,solida,30241
115,Catharina,normal,liquida,50706
116,Ernestine,refrigerado,gas,32456
117,Herculie,inflamable,liquida,68125
118,Magda,inflamable,solida,21466
119,Genna,inflamable,liquida,20855
120,Shana,normal,solida,46988
121,Quincy,refrigerado,gas,31860
122,Felix,refrigerado,solida,62572
123,Tessi,refrigerado,gas,50232
124,Cyril,inflamable,solida,2184
125,Leta,normal,gas,52848
126,Nerta,inflamable,gas,51749
127,Claudius,normal,liquida,38837
128,Shelly,inflamable,liquida,46290
129,Janessa,inflamable,liquida,93486
130,Julissa,inflamable,liquida,16141
131,Veronika,refrigerado,liquida,66827
132,Iosep,normal,liquida,76707
133,Veriee,inflamable,solida,33977
134,Chucho,refrigerado,solida,95782
135,Wendell,normal,gas,72178
136,Annie,inflamable,liquida,60663
137,Nataline,inflamable,liquida,8258
138,Morgun,inflamable,solida,20984
139,Rosina,normal,gas,1152
140,Carie,normal,solida,58468
141,Ede,inflamable,liquida,77985
142,Ellis,refrigerado,solida,88760
143,Morie,refrigerado,liquida,17935
144,Elsie,normal,liquida,52429
145,Orelie,inflamable,liquida,52204
146,Phyllys,normal,solida,64056
147,Sauncho,refrigerado,solida,20059
148,Addie,refrigerado,solida,50259
149,Alisander,normal,liquida,8012
150,Glynn,normal,liquida,67867
151,Mikkel,normal,liquida,64241
152,Margareta,inflamable,liquida,95277
153,Baxy,normal,gas,26315
154,Durand,normal,gas,46601
155,Trudy,inflamable,solida,28558
156,Emmy,inflamable,solida,21818
157,Braden,inflamable,solida,55804
158,Filia,inflamable,liquida,13093
159,Charis,normal,gas,49957
160,Ingaborg,normal,solida,84352
161,Remington,normal,liquida,96959
162,Ernie,normal,solida,74270
163,Durante,refrigerado,solida,23466
164,Leann,normal,gas,97185
165,Muffin,refrigerado,liquida,57165
166,Zared,inflamable,liquida,88388
167,Bar,normal,solida,22939
168,Lyman,inflamable,liquida,27469
169,Conni,normal,gas,84702
170,Dennet,refrigerado,liquida,95536
171,Kathie,refrigerado,gas,94833
172,Micheil,inflamable,liquida,11364
173,Bernardo,normal,gas,87642
174,Donna,inflamable,liquida,71275
175,Christiane,normal,liquida,80957
176,Ilyse,refrigerado,liquida,19134
177,Cleavland,refrigerado,liquida,74276
178,Callie,refrigerado,liquida,7314
179,Viviana,normal,liquida,5214
180,Maurice,normal,solida,39896
181,Spence,refrigerado,solida,13341
182,Elva,refrigerado,solida,67552
183,Rowe,refrigerado,liquida,13031
184,Joana,refrigerado,gas,72507
185,Addie,refrigerado,gas,47754
186,Sanford,refrigerado,solida,98339
187,Mallorie,inflamable,liquida,55292
188,Gerrie,inflamable,gas,73777
189,Barbi,normal,liquida,40181
190,Nana,refrigerado,solida,65285
191,Clement,inflamable,gas,7422
192,Demetri,refrigerado,solida,80168
193,Camala,inflamable,liquida,86123
194,Lewiss,refrigerado,gas,56140
195,Merrilee,inflamable,gas,27087
196,Paulina,refrigerado,gas,11692
197,Fraser,refrigerado,solida,71488
198,Merna,refrigerado,liquida,9214
199,Rockey,refrigerado,gas,49533
200,Roman,inflamable,gas,37223
201,Giles,refrigerado,liquida,21856
202,Nanette,inflamable,gas,44102
203,Robbie,inflamable,liquida,28836
204,Colman,inflamable,gas,6694
205,Husain,normal,gas,43922
206,Erwin,normal,solida,97193
207,Lishe,normal,liquida,40162
208,Carmencita,refrigerado,gas,80991
209,Whittaker,refrigerado,solida,48935
210,Sophia,refrigerado,solida,39001
211,Bronny,inflamable,liquida,97183
212,Gard,refrigerado,gas,7082
213,Meghann,inflamable,solida,5393
214,Gallard,inflamable,solida,4008
215,Zora,inflamable,gas,97670
216,Zelig,inflamable,liquida,25113
217,Sybila,inflamable,liquida,39337
218,Sybyl,inflamable,liquida,65664
219,Lana,normal,liquida,9401
220,Casandra,refrigerado,liquida,60885
221,Ronny,inflamable,liquida,25020
222,Rozanna,refrigerado,solida,64246
223,Trenton,normal,solida,16059
224,Pippy,normal,solida,8532
225,Cecil,inflamable,liquida,5492
226,Calhoun,normal,solida,88814
227,Bradly,refrigerado,solida,35988
228,Ronni,refrigerado,liquida,22381
229,Alejandro,inflamable,gas,44531
230,Burnaby,refrigerado,liquida,60743
231,Levin,inflamable,solida,60719
232,Cristina,normal,gas,80061
233,Bunny,refrigerado,liquida,83770
234,Ema,inflamable,solida,58612
235,Piggy,inflamable,liquida,17523
236,Richy,normal,liquida,3202
237,Aryn,inflamable,solida,62169
238,Worden,normal,gas,15153
239,Olia,normal,liquida,62056
240,Rafaello,refrigerado,liquida,45105
241,Sylas,normal,solida,27250
242,Luciano,normal,liquida,49685
243,Ralph,inflamable,solida,53678
244,Bobine,refrigerado,gas,50041
245,Marylin,refrigerado,gas,46178
246,Celinka,refrigerado,gas,24408
247,Kristofor,normal,liquida,46565
248,Emilia,normal,liquida,10086
249,Antonie,refrigerado,liquida,74556
250,Collen,normal,liquida,31971
251,Yard,inflamable,liquida,73716
252,Jamil,refrigerado,liquida,81773
253,Audi,refrigerado,solida,62624
254,Junie,normal,solida,99632
255,Jewel,inflamable,gas,28554
256,Reube,refrigerado,solida,71343
257,Joell,refrigerado,liquida,36691
258,Umeko,refrigerado,liquida,35476
259,Darius,inflamable,gas,37694
260,Evered,inflamable,solida,50057
261,Edward,refrigerado,solida,1465
262,Ardelis,normal,liquida,77934
263,Jordan,inflamable,liquida,92064
264,Lucias,normal,gas,78523
265,Ruthie,inflamable,liquida,94978
266,Harbert,inflamable,liquida,51715
267,Hirsch,normal,solida,31656
268,Elfrieda,normal,solida,52971
269,Sybila,normal,solida,39352
270,Lucky,refrigerado,gas,41232
271,Cointon,refrigerado,gas,75452
272,Cleo,normal,liquida,48150
273,Hanna,refrigerado,gas,63277
274,Uri,refrigerado,solida,84502
275,Marven,normal,gas,18501
276,Durand,refrigerado,solida,32052
277,Florence,normal,liquida,28774
278,Luis,normal,gas,88806
279,Iris,refrigerado,gas,10147
280,Fidela,refrigerado,liquida,15765
281,Jillie,refrigerado,liquida,52610
282,Lesly,refrigerado,gas,47065
283,Raye,refrigerado,gas,85418
284,Alix,refrigerado,gas,94218
285,Stavro,inflamable,gas,44602
286,Guss,refrigerado,gas,54544
287,Dennie,normal,liquida,92627
288,Karlan,refrigerado,gas,5489
289,Dulciana,inflamable,gas,35658
290,Berne,refrigerado,solida,51984
291,Jocelyne,refrigerado,liquida,57639
292,Eba,refrigerado,gas,22684
293,Gussie,normal,solida,55830
294,Jerrylee,inflamable,solida,63875
295,Berna,inflamable,solida,3431
296,Harry,normal,liquida,19692
297,Trip,refrigerado,gas,37623
298,Monte,normal,gas,37619
299,Trevor,inflamable,solida,95000
300,Orton,normal,solida,24361
301,Claiborne,normal,liquida,11190
302,Isa,refrigerado,solida,94397
303,Zolly,refrigerado,liquida,86058
304,Kennan,refrigerado,solida,57895
305,Cassandre,inflamable,solida,8997
306,Yul,refrigerado,solida,23512
307,Lianna,refrigerado,gas,95489
308,Donall,refrigerado,solida,98440
309,Vallie,inflamable,gas,99202
310,Audy,inflamable,solida,11332
311,Birch,inflamable,gas,54417
312,Priscilla,normal,gas,38578
313,Joni,inflamable,solida,68720
314,Devina,inflamable,liquida,92329
315,Hurleigh,refrigerado,gas,93036
316,Issy,normal,liquida,89279
317,Beckie,refrigerado,gas,18821
318,Ivan,refrigerado,solida,29023
319,Rosita,inflamable,gas,11194
320,Emmanuel,normal,gas,31718
321,Jaclin,inflamable,gas,41185
322,Terese,normal,solida,85909
323,Nita,refrigerado,liquida,13547
324,Lurlene,refrigerado,liquida,8617
325,Paola,inflamable,gas,79887
326,Bondie,refrigerado,liquida,81487
327,Carree,refrigerado,gas,65009
328,Maribeth,refrigerado,liquida,50773
329,Kayla,inflamable,solida,37074
330,Pet,normal,liquida,46055
331,Jillian,refrigerado,solida,32288
332,Reube,refrigerado,solida,10473
333,Tucker,inflamable,solida,17518
334,Harrie,inflamable,liquida,92224
335,Babbette,normal,liquida,88665
336,Willard,normal,gas,23701
337,Gertie,refrigerado,gas,35010
338,Marcile,normal,solida,41690
339,Maximilian,inflamable,gas,48811
340,Marinna,inflamable,liquida,37544
341,Lindsy,inflamable,solida,82442
342,Brnaba,normal,solida,2954
343,Neilla,refrigerado,solida,84100
344,Vin,refrigerado,liquida,64446
345,Wendall,normal,gas,85482
346,Spencer,normal,liquida,41399
347,Sabina,refrigerado,gas,13089
348,Otis,refrigerado,gas,62122
349,Derk,refrigerado,liquida,83277
350,Gabie,refrigerado,liquida,1187
351,Hortensia,refrigerado,liquida,24094
352,Adolphe,inflamable,gas,78511
353,Calv,normal,gas,32647
354,Minny,refrigerado,gas,5870
355,Christin,normal,gas,50502
356,Morlee,refrigerado,liquida,92383
357,Lauretta,refrigerado,liquida,74887
358,Bella,normal,liquida,14865
359,Cally,inflamable,solida,63762
360,Durante,normal,liquida,54695
361,Hayley,normal,liquida,5874
362,Pippo,inflamable,gas,72943
363,Oberon,inflamable,liquida,70083
364,Earlie,normal,solida,59005
365,Brew,refrigerado,solida,39709
366,Jaye,refrigerado,gas,47926
367,Dulci,inflamable,liquida,70882
368,Ezmeralda,inflamable,gas,17280
369,Giacinta,normal,gas,56428
370,Anjela,normal,gas,93285
371,Aileen,refrigerado,solida,71604
372,Rowney,inflamable,solida,53787
373,Cinderella,normal,solida,26319
374,Felecia,refrigerado,gas,81381
375,Nonna,refrigerado,solida,39369
376,Layney,refrigerado,liquida,49570
377,Almeria,refrigerado,gas,46264
378,Irena,normal,gas,78096
379,Kass,inflamable,solida,98416
380,Glenna,refrigerado,solida,63813
381,Pammie,inflamable,gas,77121
382,Alameda,inflamable,liquida,50661
383,Wilie,normal,gas,78183
384,Hayley,normal,liquida,22963
385,Brandyn,normal,solida,5883
386,Lolly,inflamable,gas,98444
387,Clay,refrigerado,liquida,70164
388,Stephine,refrigerado,gas,36091
389,Nissy,refrigerado,gas,2640
390,Lion,normal,solida,23973
391,Chalmers,normal,liquida,3648
392,Ramon,inflamable,solida,8529
393,Wenona,refrigerado,gas,70670
394,Didi,refrigerado,gas,55283
395,Tamqrah,inflamable,liquida,48272
396,Yvon,inflamable,gas,44968
397,Gerik,refrigerado,solida,36439
398,Christopher,refrigerado,solida,26713
399,Alic,refrigerado,liquida,56940
400,Vernice,normal,liquida,63075
401,Lenna,inflamable,gas,33859
402,Wilone,normal,gas,46891
403,Caryl,inflamable,solida,91959
404,Kipp,normal,solida,48923
405,Corney,inflamable,gas,65913
406,Veda,refrigerado,liquida,32644
407,Mychal,normal,liquida,45921
408,Anallise,refrigerado,solida,2758
409,Tobin,refrigerado,solida,54428
410,Ricardo,normal,gas,88190
411,Roxana,inflamable,solida,24744
412,Cybil,refrigerado,solida,50247
413,Shirline,normal,liquida,49737
414,Cicely,refrigerado,liquida,95672
415,Arabelle,inflamable,gas,82013
416,Noreen,normal,liquida,1327
417,Brandi,refrigerado,liquida,87575
418,Lira,refrigerado,solida,89649
419,Ann-marie,normal,solida,29630
420,Dukie,normal,solida,95438
421,Venita,refrigerado,gas,2635
422,Early,inflamable,liquida,65216
423,Broddy,refrigerado,solida,1246
424,Griselda,normal,solida,21442
425,Garald,inflamable,solida,37562
426,Kennith,inflamable,liquida,70378
427,Andee,refrigerado,liquida,34683
428,Ricki,inflamable,liquida,6091
429,Monah,refrigerado,liquida,77257
430,Jerrome,inflamable,liquida,91156
431,Gussi,refrigerado,gas,94623
432,Albrecht,inflamable,liquida,6206
433,Edouard,inflamable,liquida,54566
434,Klaus,normal,gas,32855
435,Sonnie,inflamable,solida,55599
436,Perice,refrigerado,gas,21475
437,Gretal,inflamable,gas,53023
438,Silas,refrigerado,gas,23536
439,Talya,refrigerado,liquida,68308
440,Dimitry,normal,gas,10844
441,Dannie,inflamable,gas,31708
442,Eldin,normal,solida,61557
443,Klarika,inflamable,gas,82160
444,Clarissa,refrigerado,solida,58113
445,Nikki,refrigerado,solida,5545
446,Hilarius,normal,gas,34541
447,Joella,normal,gas,19422
448,Merle,inflamable,liquida,90797
449,Kali,refrigerado,solida,64411
450,Forster,inflamable,liquida,47163
451,Penelopa,inflamable,solida,32624
452,Debbi,normal,liquida,17576
453,Norene,refrigerado,gas,64734
454,Geri,normal,gas,75332
455,Adolpho,inflamable,gas,30281
456,Rodie,refrigerado,gas,27899
457,Alys,refrigerado,gas,40035
458,Reggie,normal,gas,68147
459,Hershel,refrigerado,solida,73174
460,Don,refrigerado,solida,69645
461,Ofilia,inflamable,gas,1677
462,Evey,inflamable,gas,73496
463,Norrie,inflamable,solida,69443
464,Jarret,normal,liquida,28972
465,Travis,refrigerado,liquida,24773
466,Estele,normal,solida,65695
467,Stu,refrigerado,gas,16834
468,Granger,inflamable,liquida,19627
469,Tania,inflamable,gas,87340
470,Vickie,inflamable,gas,59239
471,Nester,normal,solida,49716
472,Siward,refrigerado,gas,80016
473,Beauregard,normal,gas,58109
474,Elbert,normal,liquida,57070
475,Haley,inflamable,gas,60964
476,Neill,inflamable,liquida,9257
477,Jaquenetta,inflamable,gas,96242
478,Gilda,inflamable,solida,63970
479,Brnaba,refrigerado,gas,49357
480,Maryellen,refrigerado,solida,10463
481,Sherri,refrigerado,gas,34008
482,Tybalt,refrigerado,liquida,43952
483,Kim,normal,solida,57388
484,Kimball,refrigerado,gas,52726
485,Garvin,normal,solida,14976
486,Carmencita,inflamable,liquida,93095
487,Alexander,inflamable,gas,8795
488,Pattie,refrigerado,liquida,74842
489,Theobald,inflamable,solida,99302
490,D'arcy,refrigerado,gas,72967
491,Stephen,refrigerado,solida,25468
492,Remington,normal,liquida,59588
493,Florry,normal,liquida,33353
494,Mahmoud,refrigerado,solida,28477
495,Astrid,refrigerado,solida,69521
496,Phillis,inflamable,liquida,73286
497,Gabriella,normal,solida,38690
498,Courtney,inflamable,solida,26107
499,Melvin,normal,liquida,39251
500,Robbie,normal,liquida,13550
501,Petunia,normal,gas,95303
502,Genna,refrigerado,liquida,42173
503,Hilda,inflamable,gas,9899
504,Husain,normal,gas,42311
505,Savina,inflamable,solida,45125
506,Carmelle,refrigerado,solida,85133
507,Larina,inflamable,solida,47076
508,Wyndham,inflamable,liquida,1155
509,Tobi,normal,liquida,34018
510,Frayda,refrigerado,gas,68256
511,Stacy,refrigerado,solida,85844
512,Reuben,normal,solida,73297
513,Griswold,normal,gas,7586
514,Natassia,inflamable,gas,73849
515,Kelsey,refrigerado,solida,47249
516,Deedee,inflamable,liquida,7471
517,Michelle,normal,gas,60297
518,Cletis,refrigerado,gas,5447
519,Rab,refrigerado,solida,39536
520,Jobey,inflamable,liquida,12169
521,Alvina,inflamable,gas,98874
522,Melisenda,normal,gas,39535
523,Nanice,refrigerado,gas,2497
524,Adelle,inflamable,solida,58381
525,Wright,inflamable,gas,67878
526,Di,refrigerado,solida,90400
527,Adolphe,inflamable,solida,73231
528,Terrill,inflamable,solida,79607
529,Panchito,inflamable,solida,25355
530,Cornie,refrigerado,gas,44115
531,Westbrook,inflamable,solida,68717
532,Lesya,normal,gas,62088
533,Pearline,normal,gas,85790
534,Hinda,inflamable,gas,64682
535,Calvin,normal,gas,84781
536,Christiana,normal,liquida,73781
537,Karlens,inflamable,liquida,11299
538,Cullan,refrigerado,gas,73190
539,Wynnie,refrigerado,solida,23923
540,Humberto,refrigerado,solida,99996
541,Vanny,normal,liquida,84459
542,Suzy,inflamable,gas,52421
543,Horton,refrigerado,solida,27489
544,Grant,refrigerado,solida,27117
545,Thorn,normal,solida,58741
546,Rem,refrigerado,liquida,8526
547,Malory,inflamable,solida,53652
548,Shoshanna,normal,liquida,79668
549,Xaviera,normal,solida,7902
550,Hurleigh,refrigerado,liquida,20537
551,Arin,inflamable,solida,19565
552,Bentley,normal,liquida,55452
553,Dick,normal,liquida,94716
554,Fritz,inflamable,solida,33605
555,Rachele,refrigerado,liquida,11542
556,Borg,inflamable,liquida,58330
557,Kacie,normal,solida,1328
558,Artemus,refrigerado,liquida,54197
559,Reagan,inflamable,solida,64503
560,Leanor,refrigerado,solida,43771
561,Baudoin,refrigerado,liquida,27461
562,Izzy,normal,gas,98924
563,Pedro,inflamable,solida,34636
564,Orren,normal,solida,59279
565,Eldin,normal,liquida,29975
566,Zabrina,normal,liquida,99474
567,Florencia,inflamable,solida,57775
568,Pietrek,normal,solida,63627
569,Daniela,inflamable,gas,52136
570,Glynn,inflamable,solida,7263
571,Sylvan,normal,gas,6603
572,Theobald,inflamable,liquida,90709
573,Elmo,refrigerado,solida,2770
574,Camille,normal,gas,58170
575,Dawna,inflamable,gas,48808
576,Ernaline,refrigerado,solida,45484
577,Gannie,refrigerado,gas,4061
578,Joelynn,inflamable,gas,68979
579,Corrina,inflamable,gas,35728
580,Bonnie,inflamable,liquida,32572
581,Garrik,normal,liquida,46130
582,Merwyn,inflamable,gas,4395
583,Ambrosius,normal,solida,91988
584,Kara-lynn,normal,gas,7798
585,Kakalina,refrigerado,liquida,43354
586,Janel,inflamable,gas,36909
587,Neysa,normal,solida,46663
588,Mordecai,normal,liquida,21880
589,Barty,inflamable,gas,70669
590,Leroy,inflamable,solida,11306
591,Dore,refrigerado,liquida,67451
592,Jacqui,refrigerado,solida,31596
593,Deina,refrigerado,liquida,43852
594,Ertha,normal,gas,76795
595,Adelheid,normal,solida,4240
596,Carola,normal,solida,92085
597,Anya,refrigerado,gas,66781
598,Rosco,normal,gas,28675
599,Betteanne,refrigerado,solida,46484
600,Gunther,normal,gas,83180
601,Alonso,normal,liquida,37961
602,Danita,inflamable,solida,73066
603,Bea,refrigerado,solida,84985
604,Ashley,normal,liquida,20765
605,Lonna,inflamable,liquida,36595
606,Ailee,normal,gas,81075
607,Hayley,refrigerado,gas,34880
608,Chic,inflamable,solida,29199
609,Bradley,inflamable,solida,92769
610,Sherlock,refrigerado,gas,33834
611,Leonid,refrigerado,gas,6920
612,Gwenora,refrigerado,liquida,90896
613,Giuditta,refrigerado,liquida,74135
614,Chance,inflamable,solida,70682
615,Erna,normal,solida,52498
616,Charity,normal,solida,32524
617,Brose,refrigerado,gas,3019
618,Hewett,normal,liquida,85678
619,Arlinda,inflamable,gas,4323
620,Catina,normal,solida,57556
621,Silva,refrigerado,liquida,19317
622,Seana,inflamable,gas,45780
623,Hermine,inflamable,solida,33011
624,Hailee,normal,solida,29411
625,Avrom,normal,solida,24161
626,Rose,normal,gas,44434
627,Lionel,normal,solida,67677
628,Tito,inflamable,liquida,13330
629,Neel,refrigerado,liquida,85254
630,Jacenta,refrigerado,solida,12129
631,Arline,refrigerado,solida,89780
632,Marketa,refrigerado,solida,43320
633,Audry,inflamable,solida,84941
634,Brady,inflamable,liquida,30452
635,Abba,normal,liquida,52761
636,Gloriana,inflamable,solida,93986
637,Rosanne,refrigerado,solida,90040
638,Wendell,normal,gas,53007
639,Malchy,inflamable,gas,3528
640,Lorianne,normal,gas,44816
641,Latisha,inflamable,gas,83888
642,Adham,refrigerado,liquida,11292
643,Ninetta,inflamable,gas,60529
644,Kare,normal,liquida,34823
645,Orville,inflamable,solida,64539
646,Minni,inflamable,liquida,54475
647,Maggie,normal,solida,18631
648,Ado,inflamable,solida,11746
649,Emmey,refrigerado,solida,79214
650,Kearney,inflamable,liquida,97435
651,Lynda,refrigerado,gas,88901
652,Fawn,refrigerado,gas,63409
653,Berget,refrigerado,gas,14097
654,Anne,normal,liquida,10800
655,Enrica,refrigerado,liquida,92917
656,Elyssa,refrigerado,solida,63456
657,Brit,inflamable,gas,74281
658,Garwin,inflamable,solida,64521
659,Winnah,refrigerado,gas,43617
660,Reina,normal,liquida,55538
661,Neron,refrigerado,liquida,3481
662,Troy,normal,solida,75823
663,Tremaine,normal,gas,77933
664,L;urette,refrigerado,gas,93304
665,Janeczka,refrigerado,solida,28997
666,Martie,refrigerado,solida,44977
667,Jeffy,refrigerado,solida,98683
668,Freeman,inflamable,liquida,28474
669,Fredia,refrigerado,gas,72539
670,Nada,normal,solida,12950
671,Cornell,normal,solida,15926
672,Chaim,inflamable,solida,28588
673,Margo,normal,liquida,52693
674,Marjory,normal,solida,5505
675,Crystie,inflamable,liquida,29610
676,Gerhard,inflamable,solida,99782
677,Averyl,inflamable,liquida,48787
678,Saul,normal,solida,28931
679,Rebeka,normal,liquida,17659
680,Tine,inflamable,liquida,4098
681,Ewart,refrigerado,gas,38437
682,Kora,refrigerado,liquida,4379
683,Jori,inflamable,liquida,91860
684,Robin,normal,gas,55149
685,Cyndie,refrigerado,liquida,21358
686,Myrta,normal,gas,72815
687,Berta,refrigerado,gas,70104
688,Odie,normal,gas,65563
689,Horace,inflamable,gas,43371
690,Sorcha,refrigerado,gas,72272
691,Corbet,normal,liquida,88444
692,Huberto,normal,gas,28077
693,Tiff,inflamable,liquida,18456
694,Leilah,inflamable,solida,83950
695,Onfroi,normal,gas,28481
696,Urson,normal,solida,79330
697,Margalo,inflamable,liquida,78965
698,Ellen,inflamable,gas,55884
699,Birgitta,normal,liquida,68071
700,Karoly,refrigerado,solida,45868
701,Glen,inflamable,gas,89167
702,Gretel,inflamable,gas,68074
703,Ilysa,normal,solida,24017
704,Tonie,normal,gas,10357
705,Irv,inflamable,gas,86703
706,Perry,refrigerado,gas,1070
707,Valaria,refrigerado,solida,28642
708,Jimmie,normal,liquida,33930
709,Joye,normal,solida,65411
710,Batholomew,normal,liquida,32947
711,Albert,normal,gas,63071
712,Anallese,inflamable,solida,34589
713,Beryl,normal,liquida,80561
714,Randall,inflamable,solida,33333
715,Randi,normal,liquida,93147
716,Allie,inflamable,liquida,30129
717,Athene,refrigerado,solida,20215
718,Krissie,refrigerado,solida,47891
719,Nikolaus,refrigerado,liquida,30047
720,Minta,inflamable,gas,97701
721,Teddy,normal,liquida,78046
722,Calley,normal,gas,41151
723,Kassey,refrigerado,liquida,56906
724,Major,inflamable,liquida,14362
725,Harrison,inflamable,liquida,10860
726,Fancie,normal,gas,62527
727,Gay,refrigerado,solida,3826
728,Sela,inflamable,liquida,79019
729,Mortie,normal,gas,28627
730,Kelby,inflamable,solida,51069
731,Lauryn,refrigerado,gas,22379
732,Alva,inflamable,liquida,22538
733,Skipper,inflamable,solida,71369
734,Rick,inflamable,liquida,78111
735,Brigid,normal,solida,37960
736,Pooh,normal,liquida,86546
737,Gale,refrigerado,gas,83462
738,Josy,normal,liquida,28389
739,Sarena,normal,liquida,40687
740,Sophia,normal,liquida,16784
741,Giselle,normal,liquida,5909
742,Raymond,refrigerado,liquida,84226
743,Johannes,inflamable,liquida,49971
744,Jasmin,refrigerado,liquida,52542
745,Georgiana,normal,solida,11410
746,Brendon,inflamable,solida,86182
747,Yank,normal,gas,28296
748,Shannon,normal,gas,86524
749,Dur,refrigerado,solida,14673
750,Isadora,refrigerado,solida,32851
751,Bran,normal,solida,19349
752,Inesita,inflamable,gas,76751
753,Bogey,inflamable,solida,44882
754,Shadow,inflamable,gas,60124
755,Dmitri,normal,solida,82655
756,Barbey,inflamable,liquida,3480
757,Kary,refrigerado,liquida,71809
758,Walker,refrigerado,solida,61634
759,Marissa,normal,solida,92606
760,Jonell,normal,gas,73724
761,Tad,normal,solida,40271
762,Thalia,inflamable,liquida,38192
763,Wang,refrigerado,solida,26447
764,Jeanine,normal,gas,35117
765,Karoly,refrigerado,gas,94940
766,Appolonia,inflamable,gas,13807
767,Mitch,normal,gas,15838
768,Michel,refrigerado,gas,15300
769,Carter,refrigerado,liquida,92223
770,Wynn,normal,liquida,85829
771,Sly,refrigerado,solida,61357
772,Kissiah,normal,solida,53987
773,Mariska,refrigerado,solida,63641
774,Carlee,normal,liquida,39166
775,Tripp,refrigerado,solida,99737
776,Zolly,inflamable,gas,88876
777,Conn,normal,gas,62821
778,Cherrita,normal,solida,35572
779,Ryan,refrigerado,gas,95818
780,Fay,refrigerado,solida,13703
781,Brantley,refrigerado,solida,7508
782,Katy,normal,liquida,75818
783,Brett,refrigerado,liquida,57278
784,Mel,refrigerado,gas,60195
785,Cynthia,normal,liquida,69748
786,Phineas,refrigerado,solida,89786
787,Teri,inflamable,solida,5857
788,Micah,normal,gas,92366
789,Ximenes,refrigerado,gas,15613
790,Corrina,refrigerado,solida,47103
791,Honor,refrigerado,gas,10858
792,Cornie,inflamable,gas,6678
793,Rebecka,normal,gas,91063
794,Augustus,inflamable,liquida,14729
795,Ginger,refrigerado,gas,58127
796,Delores,inflamable,solida,32150
797,Sibby,normal,liquida,93803
798,Jone,normal,gas,70144
799,Brigid,normal,solida,56315
800,Elsie,refrigerado,gas,26169
801,Dasi,refrigerado,gas,47674
802,Delphine,inflamable,gas,64032
803,Mateo,normal,gas,1654
804,Kikelia,inflamable,liquida,32438
805,Eula,inflamable,solida,19848
806,Letty,normal,solida,93470
807,Adiana,inflamable,liquida,27444
808,Desi,inflamable,gas,28092
809,Bryn,refrigerado,gas,76224
810,Terri,refrigerado,solida,21740
811,Dorise,refrigerado,solida,62700
812,Ashlen,inflamable,solida,93078
813,Alexa,inflamable,liquida,89686
814,Demetria,inflamable,liquida,36115
815,Bruce,inflamable,gas,73867
816,Oriana,inflamable,solida,59903
817,Linnea,inflamable,liquida,19887
818,Brock,inflamable,liquida,47049
819,Kala,normal,liquida,70510
820,Marleah,inflamable,solida,34310
821,Nikolaus,inflamable,solida,12036
822,Friedrick,inflamable,solida,72229
823,Ernestus,inflamable,liquida,16057
824,Walliw,inflamable,solida,51166
825,Sibyl,inflamable,liquida,90458
826,Marcel,normal,gas,3886
827,Shannan,refrigerado,gas,18245
828,Enriqueta,normal,solida,7932
829,Angelika,normal,gas,75428
830,Virgie,refrigerado,liquida,27865
831,Calli,normal,gas,25960
832,Hakim,refrigerado,gas,61571
833,Hoebart,inflamable,solida,26240
834,Lynnette,inflamable,liquida,92270
835,Lin,inflamable,solida,74883
836,Tanitansy,normal,solida,96732
837,Arlette,refrigerado,gas,85614
838,Janeta,refrigerado,liquida,72898
839,Maisey,refrigerado,liquida,61124
840,Madalyn,refrigerado,liquida,72492
841,Bendite,refrigerado,liquida,18268
842,Allsun,inflamable,gas,33351
843,Rubi,inflamable,liquida,57405
844,Adelheid,refrigerado,liquida,7378
845,Jeanna,normal,liquida,46592
846,Annabel,refrigerado,gas,44721
847,Deloris,normal,solida,41774
848,Ezequiel,inflamable,gas,12202
849,Arabele,normal,gas,49987
850,Gianni,refrigerado,gas,75880
851,Kerr,inflamable,liquida,73074
852,Christoforo,normal,solida,38442
853,Grace,inflamable,solida,36397
854,Hollis,refrigerado,gas,81380
855,Josey,inflamable,gas,80438
856,Giana,normal,liquida,3300
857,Gregoire,normal,liquida,92242
858,Giorgia,normal,gas,99384
859,Rhetta,refrigerado,gas,6197
860,Barrie,normal,solida,31141
861,Roosevelt,normal,gas,9894
862,Winifred,normal,solida,88119
863,Jase,inflamable,liquida,54438
864,Levi,inflamable,gas,46169
865,Gaile,normal,solida,74678
866,Payton,normal,gas,35099
867,Rutherford,normal,gas,75151
868,Leonerd,refrigerado,solida,16377
869,Hale,normal,solida,71524
870,Jordana,normal,liquida,29916
871,Edy,normal,solida,20847
872,Lynnell,normal,solida,32684
873,Aggie,normal,liquida,40732
874,Lynnet,normal,liquida,2364
875,Hugues,inflamable,liquida,69878
876,Nicole,refrigerado,solida,11026
877,Leona,normal,solida,2819
878,Sunshine,normal,gas,60522
879,Neile,refrigerado,liquida,95192
880,Darn,refrigerado,gas,64540
881,Rainer,refrigerado,gas,3361
882,Goldina,normal,solida,74405
883,Vonnie,refrigerado,gas,72315
884,Hermine,refrigerado,solida,38554
885,Jasun,refrigerado,solida,36775
886,Tobye,normal,gas,11421
887,Emlen,refrigerado,liquida,21470
888,Doralin,inflamable,gas,24156
889,Ethel,refrigerado,solida,2000
890,Ophelie,refrigerado,liquida,98167
891,Adriana,normal,liquida,11558
892,Merill,normal,liquida,85469
893,Lia,normal,liquida,38311
894,Nesta,normal,gas,61505
895,Shelly,refrigerado,solida,66312
896,Agata,normal,gas,87272
897,Kay,inflamable,liquida,41291
898,Augusto,normal,liquida,90677
899,Olga,normal,liquida,57676
900,Janeva,inflamable,solida,27949
901,Gunner,normal,solida,44391
902,Alf,normal,gas,48626
903,Bren,normal,solida,15317
904,Gabriella,refrigerado,gas,93381
905,Noami,inflamable,solida,37357
906,Chloe,inflamable,liquida,90194
907,Larina,inflamable,gas,24226
908,Tricia,refrigerado,solida,33323
909,Guendolen,normal,solida,13518
910,My,inflamable,gas,34569
911,Shaun,normal,liquida,65116
912,Rebbecca,inflamable,gas,28742
913,Dell,refrigerado,solida,37504
914,Wye,refrigerado,liquida,45975
915,Ravid,normal,solida,44599
916,Raviv,inflamable,gas,40408
917,Beilul,refrigerado,liquida,68149
918,Regan,normal,liquida,50146
919,Ikey,normal,solida,41389
920,Inesita,normal,solida,18216
921,Boote,refrigerado,liquida,56539
922,Rockie,refrigerado,gas,84938
923,Darrick,inflamable,gas,29944
924,Lee,normal,liquida,60525
925,Grove,inflamable,liquida,68780
926,Pablo,normal,liquida,58547
927,Sayers,inflamable,solida,10284
928,Nola,normal,solida,47465
929,Shaine,normal,gas,41870
930,Lydon,refrigerado,gas,53616
931,Nico,normal,solida,73742
932,Fallon,refrigerado,gas,23531
933,Tessi,normal,liquida,3283
934,Nariko,normal,gas,37254
935,Dixie,normal,liquida,99941
936,Mitch,refrigerado,solida,2660
937,Sig,refrigerado,liquida,11933
938,Onida,inflamable,liquida,98393
939,Hollie,refrigerado,liquida,6115
940,Petronilla,normal,gas,4806
941,Wini,refrigerado,gas,94033
942,Vance,inflamable,gas,4217
943,Jaymie,inflamable,liquida,80425
944,Jeni,normal,liquida,78117
945,Art,inflamable,liquida,41737
946,Brand,inflamable,solida,12445
947,Kile,inflamable,gas,13025
948,Blayne,inflamable,liquida,48682
949,Jarrod,normal,liquida,78062
950,Loria,refrigerado,solida,92521
951,Gwenette,refrigerado,liquida,28092
952,Guendolen,normal,liquida,43146
953,Siana,refrigerado,gas,81220
954,Giselbert,normal,solida,95945
955,Claretta,normal,liquida,55173
956,Hirsch,normal,solida,60441
957,Bettine,inflamable,solida,84042
958,Kirstyn,refrigerado,solida,47761
959,Nye,refrigerado,solida,24900
960,Isaac,normal,liquida,21541
961,Jessy,normal,solida,46622
962,Florrie,normal,liquida,89601
963,Emlynn,refrigerado,gas,97896
964,Elora,inflamable,liquida,73759
965,Simone,refrigerado,solida,99050
966,Ravi,inflamable,liquida,27087
967,Camala,refrigerado,solida,69635
968,Alica,normal,gas,6040
969,Annabal,refrigerado,liquida,37483
970,Giulia,normal,liquida,58673
971,Veda,inflamable,gas,63851
972,Xymenes,refrigerado,liquida,64883
973,Hendrika,inflamable,gas,34038
974,Arlie,refrigerado,solida,24233
975,Elisha,inflamable,solida,33596
976,Marya,inflamable,liquida,32227
977,Terra,refrigerado,gas,8813
978,Ashton,normal,gas,5399
979,Kendrick,normal,gas,40452
980,Gizela,normal,liquida,67896
981,Olive,refrigerado,gas,3546
982,Angelica,refrigerado,liquida,60749
983,Fey,refrigerado,liquida,78602
984,Darb,normal,solida,27869
985,Sarette,inflamable,liquida,82527
986,Renie,inflamable,solida,30447
987,Dallas,inflamable,liquida,73173
988,Douglas,inflamable,solida,9797
989,Glynn,refrigerado,liquida,27133
990,Cathleen,inflamable,liquida,99231
991,Witty,normal,liquida,52294
992,Maggi,normal,gas,98449
993,Suzie,refrigerado,solida,15378
994,Skyler,inflamable,solida,79157
995,Sidonnie,refrigerado,liquida,45458
996,Laurens,inflamable,liquida,94067
997,Nanny,normal,solida,6143
998,Ardelia,normal,solida,88068
999,Emlyn,refrigerado,gas,22866
1000,Gray,inflamable,gas,88066